,optimizer,lr,num_epoch,batch_size,hidden_size,y_ratio,train_MSEloss,test_MSEloss
0,SGD,0.001,10,10,2,0.2,1.0001188516616821,1.0004994869232178
0,SGD,0.001,10,32,2,0.2,1.0001188516616821,1.0004994869232178
0,SGD,0.001,10,64,2,0.2,1.0001188516616821,1.0004994869232178
0,SGD,0.001,10,10,2,0.3,1.0000920295715332,1.000185489654541
0,SGD,0.001,10,32,2,0.3,1.0000920295715332,1.000185489654541
0,SGD,0.001,10,64,2,0.3,1.0000920295715332,1.000185489654541
